{
    
    "JPY_EUR": 0.007515,
    "ARS_EUR": 0.008111
}